GSR2,1
GSR2,2
GSR2,3
GSR2,4
GSR2,5
GYPA,1
GYPA,2
GYPA,3
GYPA,4
GYPA,5
GYPB,1
GYPB,2
GYPB,3
GYPB,4
GYPB,5
GYPC,1
GYPC,2
GYPC,3
GYPC,4
GYPC,5
GYPD,1
GYPD,2
GYPD,3
GYPD,4
GYPD,5
JSC1367,1
JSC1367,2
JSC1367,3
JSC1367,4
JSC1367,5
JSC1368,1
JSC1368,2
JSC1368,3
JSC1368,4
JSC1368,5
JSC1369,1
JSC1369,2
JSC1369,3
JSC1369,4
JSC1369,5
JSC1380,1
JSC1380,2
JSC1380,3
JSC1380,4
JSC1380,5
JSC1381,1
JSC1381,2
JSC1381,3
JSC1381,4
JSC1381,5
JSC1386,1
JSC1386,2
JSC1386,3
JSC1386,4
JSC1386,5
JSC1388,1
JSC1388,2
JSC1388,3
JSC1388,4
JSC1388,5
JSC1391,1
JSC1391,2
JSC1391,3
JSC1391,4
JSC1391,5
JSC1393,1
JSC1393,2
JSC1393,3
JSC1393,4
JSC1393,5
JSC1394,1
JSC1394,2
JSC1394,3
JSC1394,4
JSC1394,5
JSC1396,1
JSC1396,2
JSC1396,3
JSC1396,4
JSC1396,5
JSC1398,1
JSC1398,2
JSC1398,3
JSC1398,4
JSC1398,5
JSC1399,1
JSC1399,2
JSC1399,3
JSC1399,4
JSC1399,5
JSC1400,1
JSC1400,2
JSC1400,3
JSC1400,4
JSC1400,5
JSC1403,1
JSC1403,2
JSC1403,3
JSC1403,4
JSC1403,5
JSC1405,1
JSC1405,2
JSC1405,3
JSC1405,4
JSC1405,5
JSC1407,1
JSC1407,2
JSC1407,3
JSC1407,4
JSC1407,5
JSC1409,1
JSC1409,2
JSC1409,3
JSC1409,4
JSC1409,5
JSC1410,1
JSC1410,2
JSC1410,3
JSC1410,4
JSC1410,5
JSC1411,1
JSC1411,2
JSC1411,3
JSC1411,4
JSC1411,5
JSC1412,1
JSC1412,2
JSC1412,3
JSC1412,4
JSC1412,5
JSC1417,1
JSC1417,2
JSC1417,3
JSC1417,4
JSC1417,5
JSC1422,1
JSC1422,2
JSC1422,3
JSC1422,4
JSC1422,5
JSC1426,1
JSC1426,2
JSC1426,3
JSC1426,4
JSC1426,5
JSC1427,1
JSC1427,2
JSC1427,3
JSC1427,4
JSC1427,5
JSC1430,1
JSC1430,2
JSC1430,3
JSC1430,4
JSC1430,5
JSC1431,1
JSC1431,2
JSC1431,3
JSC1431,4
JSC1431,5
JSC1433,1
JSC1433,2
JSC1433,3
JSC1433,4
JSC1433,5
JSC1441,1
JSC1441,2
JSC1441,3
JSC1441,4
JSC1441,5
JSC1443,1
JSC1443,2
JSC1443,3
JSC1443,4
JSC1443,5
JSC1444,1
JSC1444,2
JSC1444,3
JSC1444,4
JSC1444,5
JSC1445,1
JSC1445,2
JSC1445,3
JSC1445,4
JSC1445,5
JSC1447,1
JSC1447,2
JSC1447,3
JSC1447,4
JSC1447,5
JSC1449,1
JSC1449,2
JSC1449,3
JSC1449,4
JSC1449,5
JSC1451,1
JSC1451,2
JSC1451,3
JSC1451,4
JSC1451,5
JSC1453,1
JSC1453,2
JSC1453,3
JSC1453,4
JSC1453,5
JSC1454,1
JSC1454,2
JSC1454,3
JSC1454,4
JSC1454,5
JSC1455,1
JSC1455,2
JSC1455,3
JSC1455,4
JSC1455,5
JSC1456,1
JSC1456,2
JSC1456,3
JSC1456,4
JSC1456,5
JSC1457,1
JSC1457,2
JSC1457,3
JSC1457,4
JSC1457,5
JSC1458,1
JSC1458,2
JSC1458,3
JSC1458,4
JSC1458,5
JSC1459,1
JSC1459,2
JSC1459,3
JSC1459,4
JSC1459,5
JSC1461,1
JSC1461,2
JSC1461,3
JSC1461,4
JSC1461,5
JSC1462,1
JSC1462,2
JSC1462,3
JSC1462,4
JSC1462,5
JSC1463,1
JSC1463,2
JSC1463,3
JSC1463,4
JSC1463,5
JSC1464,1
JSC1464,2
JSC1464,3
JSC1464,4
JSC1464,5
JSC1466,1
JSC1466,2
JSC1466,3
JSC1466,4
JSC1466,5
JSC1468,1
JSC1468,2
JSC1468,3
JSC1468,4
JSC1468,5
JSC1470,1
JSC1470,2
JSC1470,3
JSC1470,4
JSC1470,5
MHC3828,1
MHC3828,2
MHC3828,3
MHC3828,4
MHC3828,5
MIX1O,1
MIX1O,2
MIX1O,3
MIX1O,4
MIX1O,5
MIX2O,1
MIX2O,2
MIX2O,3
MIX2O,4
MIX2O,5
MIX5O,1
MIX5O,2
MIX5O,3
MIX5O,4
MIX5O,5
MIX6O,1
MIX6O,2
MIX6O,3
MIX6O,4
MIX6O,5
NCSDC28041,1
NCSDC28041,2
NCSDC28041,3
NCSDC28041,4
NCSDC28041,5
NCSDC47008,1
NCSDC47008,2
NCSDC47008,3
NCSDC47008,4
NCSDC47008,5
NCSDC47009,1
NCSDC47009,2
NCSDC47009,3
NCSDC47009,4
NCSDC47009,5
OREAS170A,1
OREAS170A,2
OREAS170A,3
OREAS170A,4
OREAS170A,5
SARM16,1
SARM16,2
SARM16,3
SARM16,4
SARM16,5
SARM17,1
SARM17,2
SARM17,3
SARM17,4
SARM17,5
SRM88B,1
SRM88B,2
SRM88B,3
SRM88B,4
SRM88B,5
UNSAK,1
UNSAK,2
UNSAK,3
UNSAK,4
UNSAK,5
