Sample,Fold,True_Comp,1,2,3,4,5,6,7,8,9,10,11,12,13,14,15,16,17,18,19,20
BEN,4,38.2,18.094429136775794,21.041351757044016,28.200682043774734,30.33344204332742,29.909538153648747,24.479100196683316,26.183787516629696,25.756859270519758,24.700893635511676,24.723528145201598,25.006314253901813,23.710359697249086,23.169516534668556,18.842600635350866,17.332070107527599,16.814415188635159,16.718310506559632,15.555449264956549,15.694413144729099,16.035797759183186
BEN,4,38.2,16.964979720137631,19.49353515536114,27.901900525758649,29.641155772907084,29.609744422339702,25.805821355356361,27.431948981005107,26.867711347200643,25.741591596922166,25.446473437380419,25.166991476834749,23.454645969517316,22.728335532646049,18.764654281742072,17.342072097554929,16.817361771102846,16.778625454189974,15.185924345638476,14.881019352180823,14.496531652014747
BEN,4,38.2,19.058963347072943,22.447107380322361,28.977737400279949,30.958791635944468,30.933924306258554,24.551457134989281,26.44435997937649,25.950748215915773,24.965134392416076,24.962668186580402,25.133325827273552,23.855869716680537,23.165168887288516,19.045147471971983,17.518713641831457,17.234133238344004,17.156172243759816,15.997494546327916,16.114640400939422,16.353824965695257
BEN,4,38.2,18.54372362372424,21.206659152603329,28.085242182956314,29.393927406032212,29.081037927208044,23.540965420492604,25.101345922284381,24.855798818812687,23.618335583946497,23.56543712336898,23.794041917391347,22.419850266654453,21.853093909272424,17.49004054888567,16.038913684840598,15.684326639243341,15.745417382583316,14.70589295103964,14.879049958776154,15.277824017649472
BEN,4,38.2,18.41653165628621,21.47764727331818,28.674218944637474,30.919048306947648,30.731592538030089,25.069839580515023,26.741099266196308,26.129610737327148,25.07798804457628,25.07768284940984,25.295849361494582,24.103429733118951,23.530526353820662,19.345446836161955,17.889404542579335,17.462171940700774,17.432875601081022,16.466785906259204,16.562612466344437,16.804264701370712
GBW07108,7,15.6,8.6603451036006316,11.5663431088611,14.047161945610782,14.960980973591319,14.472247746432631,17.45960958433291,17.178780226020223,16.570392122390903,16.931002795507489,16.992032288990028,16.667585819354294,16.417652579718194,15.893282517962369,14.439665105805055,14.428304220596615,13.980012206705476,13.252190422504153,13.039156934218129,12.338364038237996,11.986930928016418
GBW07108,7,15.6,8.710305946119238,11.534489139269173,14.608650657089537,15.764566554488052,15.11150074684612,16.964168752739749,16.363790355045801,15.92936937745678,16.228121432459545,16.466024320032808,16.620734423606088,16.559423943318201,16.031009677802793,14.716246260289303,14.974260319843902,14.481036630455968,13.700027329124826,13.512489331126771,12.877952534332506,12.712329218496743
GBW07108,7,15.6,7.7497160669396363,10.145382009933275,11.96265185245127,13.01358485698068,12.229387457654068,14.93010068155284,14.625377873699707,14.088381075833658,14.630779206187855,14.91488915449273,14.928209890455888,14.871412359600333,14.490891728883859,13.185494309013903,13.392216489309078,12.965087467680995,12.081544811919724,11.984412262479438,11.506712807643694,11.520212831278389
GBW07108,7,15.6,8.9972324704870097,12.036895621562348,15.85307812439304,16.969682753671357,16.130445000581911,18.050759724673664,17.359928150954087,16.741900801666212,16.989648232650612,17.218521098812104,17.192402579781383,17.157924187046628,16.658659717662843,15.344039893029464,15.55363519491412,15.221999542647129,14.790150661966873,14.749483874711704,14.143965707620044,14.000251540566726
GBW07108,7,15.6,8.0675227289487275,10.624962823126594,12.622785744018872,13.461780372050399,12.967760705577511,16.107889857281378,15.826623893378654,15.249583274857926,15.812693974361059,15.945821981984022,15.704095547617628,15.61085765582094,15.149700222288935,13.769673682863866,13.853984726255575,13.524693561215173,12.807008069869337,12.759315881265117,12.105777315087058,11.891421466234265
GBW07114,3,0.58,9.6836437129526711,9.0575986952455132,-2.8014103583655938,0.5913488830865461,-0.12494366175873139,-1.7363119376347491,-0.86749335299808195,-0.20544541855072751,-0.50191235092354347,-1.632152141418981,-1.8192966597858025,-1.1004220496397252,-1.1015060698560895,-1.433119443879697,-1.7121614743908822,-1.4727747812454588,-0.94499924385171141,-0.54417767656359928,-0.09728995627038195,-0.034501673879836048
GBW07114,3,0.58,8.9985351736055819,8.4302972268005298,-3.3752978711181001,0.64975791281052508,-0.1251753995352356,0.16852534264924834,1.6824527604034252,1.7928984242336004,1.5142858848180634,-0.39657434938864355,-0.99075106183378736,-0.98699797552182389,-0.21850596371871234,-0.097183033917648487,0.36805464063245807,1.1534734585159576,1.148547391315633,0.92613014795169413,0.62204908207412046,0.75505365273474112
GBW07114,3,0.58,8.9349776884099565,8.3434840617426538,-3.4231620284763231,0.5164202529333437,-0.31819475483987603,-0.13427480611984421,1.3721437381059154,1.4650102802941678,1.2124886863210538,-0.62805436198640407,-1.1675855952599719,-1.1149998203669576,-0.28283151859702826,-0.17814618851790343,0.2738902205011069,1.094332356729204,1.1038479257272531,0.97124868447942525,0.82406017890364147,1.0826849250088983
GBW07114,3,0.58,8.7559031371070333,8.138659873042366,-3.987683669639928,-0.15525089440698991,-0.95119925287395546,-0.42226886863431901,1.3232401693615987,1.4236578184465021,1.2578566762641934,-0.93898939957236038,-1.5532191496757335,-1.5496496160881961,-0.74048753307328141,-0.67754157607375731,-0.2281310838814079,0.84125032260278587,1.074551027284663,1.1103911226935281,1.0109447462644425,1.1151481400781673
GBW07114,3,0.58,8.9466942884769516,8.3729596046452386,-3.4353072776484375,0.49087283741097743,-0.34102789839685599,-0.24479893466523706,1.2010944668241184,1.2990526310642974,1.049603526300622,-0.85492862592266405,-1.374674538525877,-1.2632970318251786,-0.41424960659480448,-0.2636120210995152,0.2430989945679336,1.1017633884966038,1.1334935455076192,1.0592882241821648,0.95328457572834857,1.2007609954871175
GBW07216A,3,0.049,9.1129737860527413,9.1141952651622269,0.30409503085109968,3.0902610388547149,2.036652508612729,1.7859167501816966,2.5703480034783333,2.9425818309234053,3.2768888993576155,3.258857528380096,3.1269224358159509,3.9353302166762649,4.3243643554961935,4.0572749459955944,3.7979856445802849,3.6457567842878351,3.8544964048279002,3.55387997245675,3.3046932037779513,3.2915389292881851
GBW07216A,3,0.049,8.9491957613670472,8.712894168517094,-1.3352832585672445,1.1527007007767356,0.07821100898112654,0.14657513404894651,1.2055263822128701,1.5520807236577649,2.1179425567063035,1.4929314274892658,1.4334667128771983,2.4838634603804426,3.0866161704116895,2.8229980275505397,2.6264671909209554,2.979362128262169,3.5753019287032277,3.7159396215629634,3.6902775308403122,3.5710744855256884
GBW07216A,3,0.049,8.8582319038455619,8.6879911702361348,-1.0814826031987401,1.5191223445840922,0.40159252686250291,0.34941630887082553,1.3704061019399969,1.7255630777645745,2.255204758477074,1.8676900681096704,1.8226629363583111,2.8138499511008668,3.3888363993920727,3.1182446968129423,2.8733739772007443,3.1071728768697913,3.5883285408745973,3.6925098865485708,3.705016703517737,3.641728072025451
GBW07216A,3,0.049,10.084871456852335,9.6170740981907787,-1.2324664368405074,0.24492187257206588,0.47835422692578433,-0.26511270119227248,0.66512409102881342,1.2487067072978491,1.4949250872117315,1.801876804736688,2.0717355708033693,2.0629766846090707,2.1430091902066266,1.8338250398477012,2.0210492955947768,2.5278315941872496,2.937852869538645,3.1550871983866262,2.6275628489986609,2.3753165858832261
GBW07216A,3,0.049,9.0088203441835706,8.9557940585172542,-0.28030154538034324,2.4254635596008161,1.1565507296042199,0.93669734823863315,1.8707596646809179,2.190872177463465,2.5888925115696821,2.2404626120586002,2.0679626402816549,2.9726650953565237,3.5613997545183267,3.3242449129905864,3.0548354598177792,3.1516721554980673,3.5831458284290285,3.564309853766483,3.5236480809946347,3.508192163990957
GBW07217A,5,0.95,6.3181864276975475,4.7524124681419018,-1.1598604443781966,2.773666696968645,1.7889623163899877,3.2999052372654756,2.7620389697700549,1.9563305735283834,1.6935586887769407,0.30607272623973714,0.42926111383996002,0.18809689026786813,0.55374049774785128,0.60588457164273279,0.94937030646802256,0.82285439783545833,0.079291508026084756,-0.078495242620366668,0.064604042673369833,-0.071774567547231882
GBW07217A,5,0.95,8.226588897548325,7.399275100076891,2.3568452321488831,5.0306231417388325,2.343683863749888,1.841183733701051,1.501777780834427,0.66096969109777959,0.50327354764378462,0.81323011709866222,0.38757747816609722,0.22822601928867847,0.2298557282562097,-0.072186807275279818,-0.16064444491217245,-0.69855573527619796,-1.5653559463423825,-1.6124864127272449,-1.7780309591655836,-1.3315216867047628
GBW07217A,5,0.95,12.181651746964127,11.102122592711215,4.8307425535808335,-2.7161475313070014,-4.2240462140484283,-8.3812298860701766,-6.5083491978678154,-6.0419117491585226,-7.2093904368635151,-5.0709186110789162,-5.8527832548151757,-5.6789076985662135,-6.5122754195530206,-6.7423437215198092,-7.5337611897855048,-7.619766669122761,-8.7297931382462224,-7.869327067752252,-7.7213387678269925,-7.3903750233537551
GBW07217A,5,0.95,6.8802196810285308,5.1948321773372896,-1.312549434451503,2.5711546660634728,1.979467719784882,3.5888963285129645,2.860260289181813,1.9410526446490621,1.4167011092359978,-0.042256050401263678,0.23221085016027132,0.050019751924391898,0.72769624348498319,0.85689640698179304,1.4507264477873534,1.5262722222022482,1.232865758304861,1.2174802093309616,1.40808874211932,1.4112400604018127
GBW07217A,5,0.95,8.1548131130365729,7.3314556336985728,2.2024725935491656,5.396688362847252,2.6084381259425768,2.0502270848433017,1.5788041427144268,0.72708330806394805,0.50991858224372066,0.91346074486649975,0.44290947604244835,0.29554909988273614,0.36321247813510738,0.088100610282111802,-0.052745838088517516,-0.63870729658387937,-1.8004646409964504,-1.819392779241527,-2.0467994906093079,-1.4663842882168066
GBW07316,4,31.6,11.192969026513339,14.8767725025399,20.193241135515962,26.680492663442251,26.739629504485968,28.564983295440587,29.2996795198817,28.184290270119796,27.040293190205837,26.453598134430976,25.039594123369326,23.703661858285049,22.299959492422872,20.6877687949797,19.969923522853293,19.617161301664485,19.961326169541756,20.10637246566402,19.581796600061161,18.603492165574117
GBW07316,4,31.6,12.086080121134593,15.459928713155016,20.781348955945798,27.406491546218501,27.764784112458297,29.560432146609109,30.581029895205475,29.603267879681344,28.565899093931929,27.626631465420289,25.743080727949383,23.826903044012134,22.123350364865374,20.111449102222679,19.188008636055347,18.273192470093942,18.699820836874824,19.191049955609017,18.780808810429129,17.906136890277931
GBW07316,4,31.6,11.369592115017872,15.081804909237237,20.107698576946593,26.409030197254459,26.4100257569783,28.010553446581312,28.911511655584867,27.966317631003449,26.554626295523992,25.695795120103682,24.125759381050376,22.366422179905008,20.776021951995752,18.535853774952407,17.538095905474172,16.637786461822355,16.964447598477246,17.16838664084371,16.822218481534122,16.184223123845442
GBW07316,4,31.6,10.86037452451091,14.553510595815666,19.98647522408341,26.701785187802784,26.609939882489648,28.592957204099619,29.438315568727901,28.288971160179095,27.202947980295917,26.671727413200522,25.352079713221777,24.036705873294984,22.673492039647599,21.105886224934114,20.375830796274158,19.925714367986107,20.165804572076134,20.27442026782154,19.771416943789788,18.907812255823266
GBW07316,4,31.6,11.365531616626139,15.069781669939799,20.664712572555942,27.365262486154478,27.378724229270787,29.093405689293625,29.909325439073484,28.801486127710106,27.684871368454225,27.141043210560014,25.741651542742066,24.371309693620773,22.880582923314964,21.277645288364482,20.503679489998106,19.978955414174553,20.310324024206462,20.40816969241752,19.843077346998399,18.909303873925918
GYPB,4,1.05,5.1236061919809792,6.1649364400507034,3.857074194888769,3.1482268585011912,3.3994125234674755,4.663255178290683,3.5187197763612019,1.8232870198874274,0.71167234921769307,1.1528034143723414,1.5248201703826219,2.517534853928634,2.6987537238459467,3.3294689912027717,3.5991031336795487,3.4533976766908907,3.3971064232730832,3.5308435697536762,4.083225318686285,4.0968837062562233
GYPB,4,1.05,5.0478221532813023,6.2619519516486264,3.6226591408173459,3.1211314723762218,3.6210777166423416,5.0994398769630518,3.96439108037025,1.9706545030167089,0.82306681840509732,1.2537884784226652,1.6199115219747959,2.6544084454944219,2.8750662051300075,3.5128472878582695,3.6770333908715287,3.4844611361170639,3.2782616142978505,3.1729922507802559,3.6396754736335168,3.7188744671521672
GYPB,4,1.05,5.3991427360817195,6.0173296232445672,3.9735853694144563,2.4721466909729219,3.0609102035784428,4.5100498539039506,3.1497450998194836,1.5874930554880677,0.34003755126464519,0.98541201090210429,1.4931612702911377,2.4923172521584256,2.6591350258691797,3.2104152023406449,3.3135687523447377,3.4269875329023023,3.5155875300193244,3.4006239943675567,4.0282786140371556,4.2109118924384514
GYPB,4,1.05,4.2227970613130363,4.8414322001870573,2.4542995340099889,0.94130309742556406,1.0484325816830129,3.1523371933337625,1.9783832667462455,0.61548116080727233,-1.0354855212592327,-0.46034457342635093,0.18169775253154974,0.89737459728443625,1.2292999403958209,1.7509134286952612,1.8733473682481474,2.0872656558311018,1.9999047409631459,1.8991965836389824,2.5647031110765361,2.8036410980500257
GYPB,4,1.05,5.7251387769625204,6.2116578587305531,4.8026671837573485,3.4218807652700995,4.1478689901379759,5.3790369910990083,4.1459538910409641,2.0857676387905819,1.0011429722034606,1.3416525910965067,1.5092087057427825,2.4503863557493091,2.6126865066348781,3.4258786289963403,3.7417352755171791,3.7698360434953173,3.6203374257679339,3.7959338992017297,4.2790563755029041,4.1310290935026082
GYPC,4,3.5,6.4601878067335106,5.1930508138184344,7.8380731384299489,5.1908058960064114,4.200490952244337,4.5088950740413605,4.1376495346152691,3.9414719595279735,3.1897251749815911,3.3380566001554204,3.5953535994544819,3.3002214366209905,3.1382697811258549,2.4182504984449196,2.1954332285994376,1.8414241208847368,1.8517962199186684,1.7660864492301585,1.9410795532759728,1.741989225116555
GYPC,4,3.5,5.8657167332480569,5.8682567233316512,6.313027510311132,4.8658095683309117,4.6238171897842726,5.8263452973156724,5.2289534784475329,4.0953196105827736,3.2194579967381713,3.7172581975419163,4.2062197519321742,4.8193384164266497,4.9611028593649618,5.4173906155791336,5.5027709467386234,5.5857810363965275,5.4392905029474647,5.448045612515573,5.8377171109217514,5.8466680581292394
GYPC,4,3.5,5.1325226091131917,4.9918178299446687,5.0847637793439553,3.2783943179809079,2.8616100981552925,4.4407498697964733,3.7391649269751426,2.8338455775063807,1.5828400597673866,2.0854526981364678,2.6810114872595605,3.1004310589457038,3.2675550988920143,3.6177945613729268,3.7698375188110766,4.0539357556383742,3.9955717941153779,4.0796123799142769,4.615755321513781,4.6722161082215266
GYPC,4,3.5,6.0221363208420904,5.4324467134775158,6.5460136533869981,4.3450411613318227,4.1672519222752999,5.5244674429747356,5.0909141910775375,4.2117422479780888,3.2823564661416356,3.8468642789817746,4.445726216021054,4.9760974835611442,5.2411658595117618,5.5852945908166429,5.6532754929960713,5.8373054842334984,5.7072067549968182,5.5000947655598029,5.7874672233281625,5.8087205334877261
GYPC,4,3.5,5.776968999758159,4.9839728602549691,6.4495496736806457,4.1427013222683016,3.6718115164010765,4.8308255242726084,4.32770798917368,3.5133602406120268,2.591721973602656,3.0684329215176511,3.6976506602806047,4.1162849465351794,4.3691239408813036,4.5786142731075241,4.7593637908099069,4.9733149795229394,4.8440501768188771,4.7258044484380122,5.0555936723893602,4.928785647124311
GYPD,4,8.7,9.6030805024336594,12.949036461407809,17.860766748816062,23.891661621681013,24.270090336226801,25.308843216891706,25.031803424885563,22.948870763231398,23.375999273178625,23.374200837389647,22.386217301969417,22.700529961682356,21.84780178994512,21.443138339715048,20.230968670744186,17.868750660439755,18.35755912377606,17.000909363791962,16.369558747689688,15.244300030752294
GYPD,4,8.7,7.390009815858626,10.246470459169823,10.114512839878721,12.691534502859497,13.122298559912601,14.906859221055363,14.972735000908298,13.368773561950299,11.989171380611058,12.135314369908166,11.913023169358057,12.430929576540327,11.807904319792554,11.512468712552373,11.276875513241274,10.166843257576343,10.030595981311162,9.8747301761542907,9.9845527001199521,9.8510716597084276
GYPD,4,8.7,8.3828654339568054,12.312649182971517,10.688960767695448,12.716651026788927,11.966012857197233,14.700934867400379,14.886702652105999,14.600721743316919,13.057275255221617,13.567211062086042,13.928894854392572,14.750156557448637,14.354042191178616,13.679276818194356,13.204966607131361,12.551663532633309,12.283133065608926,12.118596124076106,12.758377879905085,13.076951092733211
GYPD,4,8.7,6.5556668881211442,9.2968447267156122,8.1503895928288017,10.014264384398032,9.7360708459430043,11.640484125823539,11.436441847117726,10.39758251087056,8.8391314998634662,9.1501209767373908,9.3254854200918036,9.852737123947545,9.33311895768135,8.8835220436001698,8.6639549234251909,7.906227344185762,7.7785045785661744,7.7333799352902295,8.2568040818938933,8.3936156331484639
GYPD,4,8.7,7.1720129630247023,10.338837255673235,9.6950677212069678,12.665634722825166,12.894736717063038,14.306438136084862,14.330347817394177,12.744190431839254,11.683218307005358,11.928184272886075,11.782492028173333,12.503040144840622,12.007281459606345,11.865682195071162,11.750839373493282,10.799620254641608,10.784458401434497,11.09828022707001,11.379604896379245,11.445420379262863
MHC3828,5,9.44,7.2857391217749354,9.2009124815531163,9.3315302247508107,11.793543510927517,12.039646882957129,11.398112434684077,10.585978743018003,11.512971678794075,12.078048607396203,12.606875293573339,12.199008092738026,12.486616767210032,12.051854289270159,11.741104097100223,11.470732219175149,11.361587917381938,10.363437380328122,10.632217400257369,10.967468184469285,11.071740242270101
MHC3828,5,9.44,4.7732401019751531,6.4363563937132309,7.7710912861710799,7.7199310142158843,7.347523295466889,6.6199663778319584,5.8702349984294129,7.0359438526481481,8.3685723367762446,8.8350859622674474,8.6185506129904965,8.991166943283833,8.728564028560875,8.622161513976458,8.296061930653007,8.2106680028467522,7.2997084439675115,7.4690290295194179,7.6210162016831333,7.5475168317343089
MHC3828,5,9.44,6.9128508665911266,8.987889659402267,9.1267535471958272,12.918740079592681,12.92809459460042,12.640727443930071,11.505872728670205,12.480013260089816,13.276556598476811,13.677941971348329,13.573503696327842,14.022392001133023,13.814532859644917,13.711804798394661,13.631386483771497,13.574914639107824,13.215361091025759,13.437939380983035,13.670397315119333,13.512715643883263
MHC3828,5,9.44,5.5744370214745533,7.5274668822201107,9.3241967343518937,7.8690525196936481,6.8640894815696543,4.7879433928558122,4.9768081934548345,6.0488566615685766,6.6640941817520956,7.6779313045801771,7.010474668965303,7.4021638003290855,6.9677644210368586,6.7669206737190981,6.369369482188084,6.390392537793451,5.4728888518943393,6.1115100587582143,6.6179566268624619,6.5567714612208814
MHC3828,5,9.44,7.5343799282894972,9.7116665682453078,10.121291684975844,13.120065588403737,12.800993958809507,11.728416197761755,11.21116429902081,12.130624140811236,12.741854284839699,13.61260688289266,12.914765224115405,13.151987718534903,12.571028340709535,12.19892986261439,11.758432413063186,11.471816647833009,9.9774265347992461,10.242665443116941,10.819448550048381,11.089015227405612
NAU2MEDS,1,37.48,17.83277144726566,24.684772968420134,30.737481583054713,34.572704078062259,28.815874157533024,29.101590817720894,27.137479027701357,28.127185291093301,26.955580606395799,25.606714164102463,26.130125668712694,25.654692011416309,25.00637225500973,22.489383680557054,21.235029120171326,21.27607101208401,21.008410477033049,21.313471603811458,22.775948311217988,24.039290973590905
NAU2MEDS,1,37.48,19.411255658358449,26.548477950100079,31.733347175037732,34.548143075570266,28.868320357361526,28.986172849391089,27.056606875626379,28.162473645825926,26.647053549507646,25.33116282107499,25.303419488836653,24.526590519606636,23.676877944830473,21.244852835836593,19.812850057411286,20.378797516645939,21.073419650325743,21.912903229105133,23.391106098214159,24.584729634231962
NAU2MEDS,1,37.48,18.130104888158094,24.929178271949525,30.116016965363023,32.058885276493655,27.90452549356143,28.949431357485416,27.202230754661144,28.251172685309491,27.268885151963765,26.229578915438857,26.302179907612185,25.780258282483196,24.930306984251196,22.559591958505983,21.445175082171765,21.696776629456917,22.132740487849674,22.875190940519438,24.065488228430205,24.874581708788682
NAU2MEDS,1,37.48,17.859155867717604,24.673383960637299,30.887591938891429,34.319943533986034,28.243536358168313,28.542605897590516,26.673872588909514,27.836253620607188,26.684393503599743,25.288446390095626,25.936126122822277,25.59961726305152,25.048645448939538,22.667453244423434,21.350693660443312,21.313847981381421,20.99252297955778,21.439854557097576,22.741198172589158,23.567028899591286
NAU2MEDS,1,37.48,16.140350251508394,21.645411663612435,27.671375805278604,31.108078920432195,25.829175972771068,26.224453699360801,24.124051701890721,24.593209857068594,23.432011743395137,22.232681444561596,23.063598673406844,23.411506776427725,23.434117712173546,21.922507681549526,21.40135940084722,21.36039858164439,21.03052095140302,21.186176168670571,22.24619987724261,23.388203175864952
SARM51,7,33.81,27.633688793927412,36.663939844100994,38.75564575762948,38.349995913747478,39.748068938868862,42.597599011561179,41.586916942537314,41.587380515188777,40.62366829235566,39.289190553355127,37.86196312995574,37.453246649331234,38.421623906906994,38.129700642273392,37.242267512470619,37.466730887407181,38.351971709297345,37.887712120035786,36.185187964343832,34.367667385856123
SARM51,7,33.81,27.448976250599408,36.502651652303214,38.92903852962889,38.608542335935994,39.785910732848166,43.353777494742289,42.594933185381535,42.674276142118018,42.028937434097941,40.865768806094323,39.375592905335751,38.855414997538482,39.543949032555346,38.386006508818639,37.398345671652308,37.552063435239759,38.1814569323586,37.892003580739924,36.136452557749401,34.037875693108532
SARM51,7,33.81,27.666304145986764,37.342330405600329,40.110692122096623,39.735437668615262,41.005085060198731,44.918782170263228,44.399737252944846,44.540020322844228,43.942466707358776,42.618263750474149,40.76209443580457,40.033806192113182,40.907173283294348,39.634583809955139,38.448050195175185,38.427383354113942,38.737318357876816,38.325680971403273,36.627892050690974,34.676566157754841
SARM51,7,33.81,27.583724780974308,36.320871058008279,37.73994306924007,37.119440697246745,39.091877431477535,42.635072223864874,41.568317762250445,41.769581660774421,41.236219010869803,39.907233213484851,38.22925123134678,37.942696009144939,38.679262564083224,38.913467860517571,38.225720750924481,38.411157326449242,39.168282007087889,38.7785032127655,36.558486800162186,34.741142788196726
SARM51,7,33.81,28.450579964085236,39.654104147015957,43.810888715417519,43.655161984664957,45.73770513948449,46.445534328840417,46.583457309167478,46.09448703789861,46.674746135777994,44.723156144807746,42.682066273005361,42.094581460608325,43.702829890972538,43.118908197194493,41.750915849839728,41.260723127707848,42.014287110138355,41.133524291929447,39.731540239370794,38.422599238699924
SRM88B,7,1.13,8.8184890829550859,7.1308255845346835,8.5065796977703663,5.1888171462268797,4.8380432028255616,2.8947733711152726,3.356218020806546,4.0647369262709976,4.1554681476986772,4.4963845740373483,5.5213610085214526,5.0899945699464269,4.6974999414363268,4.8464434362910165,4.9655496563987924,4.804271007594858,6.0536618614800224,5.6854712282592059,6.1345817559064137,6.2753912498787647
SRM88B,7,1.13,8.2347169209229172,6.2906844742394856,7.523490181434151,4.0471127421729634,3.6182019315648599,2.7668654578191241,3.6242949930943897,3.9545696668611416,3.8411257863321868,4.1034101513289674,5.1482633397256379,4.6663958740343201,4.2345688275248108,4.2033311711044252,4.3776384446187198,4.2057135282428852,5.4708307911752829,5.1530510312903086,5.5252219363318478,5.7416056584435538
SRM88B,7,1.13,8.4686267557172439,6.8342574815055919,8.7522089541671839,5.4620479883592878,4.8221270866594441,3.0940765740596667,3.6847817205970923,4.3024912749899418,4.3394841213950937,4.7357015390573309,5.7213168440705893,5.123142843317618,4.5734912139278148,4.4453735162358718,4.5372253003113308,4.2725058317950904,5.3617528681942481,4.9970412410506295,5.543113634910533,5.7213906736418476
SRM88B,7,1.13,8.4102036150256829,6.61100534794081,8.1804960042871748,4.744300682425088,4.2842808826964411,3.0660828772336579,3.7899912927924362,4.1294396770561193,3.9850360054500165,4.3082813203808588,5.3224173074467807,4.7651779857052254,4.3731141067659305,4.4269630032273604,4.6688723156893754,4.4988383283442417,6.0203778357884019,5.6882634388153965,6.1080168543410407,6.2548592006947921
SRM88B,7,1.13,9.5490072356690838,8.0188761549655094,8.6824581176579141,5.406547712905283,5.3183934793818946,2.9385389308298002,3.3687235717629687,4.4006904054090583,4.4406694970837641,4.6446700685242632,5.5705783400831805,5.0714355653748378,4.6853598683184714,4.9705907153531683,5.1727268686442578,5.1474999647924342,6.7401908407650648,6.3127133383776961,6.8621907785832654,6.9875341912569606
UNSAK,6,0.64,5.9807458082448299,8.7985783741476364,-1.5762983567146591,0.74936398298640583,0.88060486593865583,-0.98931912619000606,-1.8931337684384779,-1.4891066075658905,-1.672427463605775,-2.6268945525600671,-3.9239429056596435,-4.2567138400948039,-4.0779271259586984,-4.2276801151072725,-3.0116911709625889,-1.7352455294913973,-0.36782057559255676,0.51236838303361765,0.51511824434543563,0.9166340489805922
UNSAK,6,0.64,5.1969226986847872,8.3094242902476108,-2.8618455518103936,-0.18593230612126455,-0.51594384644635127,-1.8863460696238299,-1.9427480453783055,-1.1558706092024114,-1.0529139250008548,-2.18288378803787,-3.4045039425347383,-3.7469981583404781,-3.8662325663536485,-4.0967240084349292,-3.1511394574870302,-1.8534762121805421,-0.69834796857638537,-0.044282555652207733,-0.14543557259778872,0.19708805537965723
UNSAK,6,0.64,4.9580889254642297,8.0077899023142578,-3.7117476650902432,-1.0426731343256463,-1.2448454601738472,-2.201218969959573,-2.1782524129775958,-1.4532445500809636,-1.1335355435956274,-2.3787259076360279,-3.5124747445610431,-3.8759488287668802,-3.9691036362724006,-4.2132894611220877,-3.3063052920484033,-2.1489460222853545,-1.1495328629935617,-0.7342874972795066,-1.035099542582353,-0.74922997528907409
UNSAK,6,0.64,4.9537795657831243,8.1311768022893354,-3.0022517700696127,-0.27705365884261646,-0.72294277119563688,-1.7771388106468784,-1.5297524688815543,-0.70190962717573413,-0.50183119157551204,-1.6998314569552271,-3.0720882676672581,-3.4450933166405697,-3.7697548308990676,-4.2071205727878258,-3.4580192522310682,-2.3198517630090336,-1.3801646928852342,-0.86978670241979117,-1.0188467800356662,-0.70210238728931884
UNSAK,6,0.64,4.2815470670529283,7.0378178279527779,-6.2879163717161823,-3.7411842635633334,-3.8624782919519944,-3.7462497056823558,-3.7187427515283602,-3.1923929465172947,-2.1542133130475349,-3.8452047239484983,-4.6723871214421813,-5.0609950237159111,-4.972787606557219,-5.0995244050096353,-4.2786464321877027,-3.5250660494194719,-3.2897102840095833,-3.5016845429450179,-4.0956754746953656,-3.6181956502132202
SARM16,4,5.04,23.823871737912611,11.715176681326332,6.6557738960309214,10.262490940108087,9.3951835087791533,8.1089048768247842,7.0331269831370902,6.4993076877740448,6.6296280452604766,6.6714314019795866,7.3193068593392097,9.3046878309620382,10.59455559940081,11.461797260762015,11.643169212320228,11.12654586319826,10.063176991536785,8.6380236133401507,8.2539863083248513,8.3173317006601373
SARM16,4,5.04,24.042128495155666,11.97861306533402,6.9412931034074612,10.54583065878224,9.7780531423994717,8.6692274928936968,7.8351009849486823,7.5462466744059116,7.8578173018140562,8.0376818697411174,8.748503453805025,10.867609673681695,12.20501267287181,13.222495590768089,13.454388880840725,13.007259967834207,12.005319992486779,10.576449235167727,10.155668654065256,10.131088505022163
SARM16,4,5.04,23.831246623406951,11.865859666323555,6.77486912500488,10.292147735653739,9.5538460497748066,8.2786827711087998,7.4842312243659519,7.1872245273586159,7.5693082916319092,7.7084934136942831,8.3909971560611822,10.4844793401909,11.73258845103568,12.77069537198938,13.031086225253842,12.565635932275784,11.578482482432328,10.309022708087092,9.9296063386306912,9.8815200365957274
SARM16,4,5.04,24.087888006392156,11.656423673706964,6.5243447150538358,10.017492309313727,9.3770700857456397,7.8346547158540751,6.8068311346695278,6.3882147140785097,6.7933675017457666,7.0122728042274858,7.7883889199147971,10.057226707831781,11.436982035475054,12.643216148259327,12.988140471804751,12.4831736239862,11.519860437842357,10.186491665279515,9.7792715783353046,9.7715384660011715
SARM16,4,5.04,24.403972522257916,14.065638858112901,9.1170514018781255,12.008126042339123,11.365349529388999,10.901739849204791,10.711348380697938,11.196820975406961,11.740533185994991,12.014681334004237,12.547772114593386,14.420566514420829,15.546066465890465,16.471323075561948,16.684984369747312,16.463296737516522,15.54993497693213,14.479094641925341,14.174831614033103,13.983201327518538
NCSDC47008,7,14.07,16.536651104624777,4.098987556139587,5.8202198704186685,7.1792212776316422,7.3294545521728978,6.8836445823146377,6.7582430787536012,7.1024840094748161,7.1428051147147187,7.1338094362403046,6.9411409693648922,7.2024529790640734,7.4594970380770995,8.6047544898466999,9.1432225689276052,9.2900080525986883,9.9336964389088216,9.6265684499654807,9.539812608677364,9.8470827621486929
NCSDC47008,7,14.07,16.09580330440534,4.0214825787281843,6.0208668285965601,7.3232401239759515,7.6349210796006837,7.7664410608471517,7.8761104709086691,8.3561257147431753,8.7225155318630723,8.9099024646543583,8.819169427424967,9.1713701204134015,9.2704126052822424,10.193040786637786,10.849643318457026,11.051699840017209,11.959369556459011,11.733227798446977,11.758372947518037,11.668109088216408
NCSDC47008,7,14.07,16.179283595824582,3.9572334960435427,6.3290264196454036,7.7617581964154478,7.8736019856963173,8.2082186789108675,8.2218158791441489,8.4714719372893548,8.5863972986593708,8.5705597154737756,8.0319346451719724,8.1229229525212165,8.105106693176408,9.1919181214642798,9.8028785504711884,9.9887450054683189,10.850099017305705,10.635478742475971,10.385860354969683,10.47705924320694
NCSDC47008,7,14.07,16.189632471901358,3.8058222239533617,5.7367849294010931,7.146435742292141,7.2167388402434041,7.3263425564622491,7.2653229069379606,7.4611363094598309,7.4846651850527053,7.4785131702793581,7.045925157859541,7.1526170555552673,7.1530004987300515,8.0750448548910185,8.5762122771405629,8.7262334726680351,9.428870959994974,9.1848826256486351,9.0076167156330325,9.2227923208866898
NCSDC47008,7,14.07,16.29686306386786,4.9451502953958126,7.7800763865591112,9.0999812601478069,9.3714410161659814,10.054556137203658,10.38531382933032,11.187251172484068,11.529312911203524,11.592235854646127,10.907594170237093,10.847328882670055,10.884658310981687,12.150490927219883,12.721881379309965,12.709530153692793,13.298734535187585,12.82489929577204,12.905227500397924,12.816245201140481
NCSDC47009,1,15.82,15.180498802264388,5.0352792827399426,6.9848426553724901,10.356702698570404,13.520698060251553,15.431422256697749,16.807179484804319,19.583275784216038,20.882642461625306,22.157581219220155,21.913122398399036,21.226163363202158,20.508838065380548,19.700243385738542,19.213679030906818,18.462871984529485,18.478584592178187,18.006561495481556,17.432846240306993,16.589260145222173
NCSDC47009,1,15.82,15.27565502436566,4.9529650820606719,6.8185641328118747,9.8409027245289025,12.979860998036271,14.868599914293622,16.095098462543589,18.617789292726908,19.786333753714132,20.978322018639314,20.750228620723799,20.237854821692618,19.67110571613177,18.911221642963149,18.49734542279424,17.824795877612402,17.864365310526715,17.48598579734524,16.938351792573332,16.173894169832021
NCSDC47009,1,15.82,15.22017220422272,5.9639807138681347,8.0750789460877144,11.431608461784901,14.611113956080949,16.655600912854357,18.062138163577277,21.004784014693264,22.434697989966608,23.757840045554673,23.546583145891979,22.831828304375417,22.001998214024482,20.883584223396824,20.188429638784871,19.260239948559583,19.106775365224461,18.312051081537994,17.63452224509993,16.660946269005937
NCSDC47009,1,15.82,15.183046214258203,4.9538636869862884,6.9747539786141761,10.184550343926478,13.021319285717292,14.750021148530141,16.065434816504752,18.758212207966146,20.038103852667973,21.334119410507782,21.31476038386193,20.873056119254151,20.383364642952831,19.616792540664733,18.998165048142347,18.22915895748654,18.209694057494289,17.81319754864445,17.273897090830179,16.213797927916463
NCSDC47009,1,15.82,14.900372869416799,4.8629797082006778,6.76160151542663,9.779584808443099,12.855282796463477,14.716324565800702,15.955421577972492,18.686578690770205,20.031015988058638,21.390133061146386,21.262358286192008,20.721949478695311,20.132279049517571,19.189946251337616,18.432821967808195,17.604529173158316,17.583701027740151,17.112659150363818,16.613116336658706,15.610442980479116
JMN1,1,14.11,22.854740068457261,8.6018146097189323,9.8156599175633232,13.422367873987369,14.805522776665827,15.167163373139221,16.000013451598186,16.599064751629601,16.953869958808856,17.154806745332341,16.594946616040318,16.061016482113342,15.708118957406342,15.102710091576032,14.263452795570659,13.65243577102037,12.67778491400224,11.663359774971156,10.924028088652417,10.84614390292578
JMN1,1,14.11,22.81646463124542,9.4283911817254502,10.877083806398339,14.416824720651093,15.997565546848918,16.649704083706588,17.490183558894188,18.069856323083215,18.496254665278414,18.655219512191788,18.056476799751749,17.441558095403195,16.866175038801966,15.91799506942489,15.063958907534952,14.369301630359381,13.303965499465876,12.105539199142898,11.252640625202684,10.834619284398205
JMN1,1,14.11,22.817983697135872,9.1554711121778425,10.499189528175904,14.011743258756542,15.402480617115682,15.838668721139696,16.640534164465901,17.048277229693429,17.33332379927268,17.493868517992865,16.967857174069913,16.461408530172697,16.069237698254828,15.226265765234942,14.459374627084344,13.880750679204274,12.875489678665673,11.785806991921328,10.986867810578863,10.731496631043163
JMN1,1,14.11,22.919854054720908,9.9747027755768798,11.370444517593661,14.895041883418541,16.519734623039842,17.207921380425987,18.067937773395272,18.657397011160857,19.062537859992823,19.204930530073035,18.542127702735613,17.845883288913637,17.202452605591454,16.155027041022834,15.203868395080438,14.432227899865284,13.276455494341359,12.018313522010807,11.09207799419964,10.473213241489125
JMN1,1,14.11,22.888966091710614,10.107314469208623,11.529188097298341,14.836688625951256,16.105963333557629,16.674575713166146,17.808265935039671,18.812976627051366,19.425633492726899,19.676916184930491,19.057770973197357,18.261684503740256,17.79801302135192,16.883104994148628,15.750884342687238,14.97499608262193,13.736427959094675,12.466045632358258,11.556255657647243,11.093283001077701
SARM17,6,4.69,23.387313580214919,6.7134801014615828,7.6292714480573611,9.6477097650004637,9.4510934893590246,9.5888548176666077,9.5330865390645769,9.5439028111966273,9.7931313192578013,10.566374811846227,11.930837346151447,12.209765460986084,13.101788754075812,13.481389627205141,14.15866887071939,16.113453861629868,17.064256488811857,17.558946570593736,18.021907669421459,18.399604965339876
SARM17,6,4.69,22.584029289881858,5.9760896297290085,7.0676517556643086,9.1556112396771088,8.6904906198687684,8.9394989254394055,8.7482269736550897,8.4633758627643232,8.6050865351346211,9.2923043705556125,10.746262990058071,11.024947597847387,11.649778329867994,11.520462825078535,11.944452757396659,13.982142628642048,15.008279047343041,15.452854610019912,15.904073848318184,16.309605555958271
SARM17,6,4.69,23.168284181709819,6.9229949299404581,7.5368616112303943,9.5313007494996818,9.2113656657050988,9.5739715151527527,9.6401904227210942,9.6005609970409935,9.8748144269679017,10.624476240926599,11.923233342701938,12.181010957433525,12.9339912018976,13.037827190587718,13.578927546709179,15.649444578613577,16.618657548999316,17.050452003343132,17.45474267007614,17.841184038580906
SARM17,6,4.69,21.865672588081342,5.4902320790352235,6.51969014181722,8.716165607175558,8.1010425942349702,9.0348732268548844,9.3100824763529175,8.9761063312378546,9.1472182790246421,9.8075479317089265,10.820254379268267,11.006454424398251,11.110846995042312,10.590118965556734,10.803741548375655,13.127371596815022,14.400469407230924,14.881095357667883,15.301789034512362,15.592043769132347
SARM17,6,4.69,23.728246101682601,6.6109364494617928,6.956687268081545,8.9737092182214777,8.5782705638981227,7.4849470198710089,6.78210753884452,6.3740615450442508,6.2636331638273468,6.9219024261060849,9.1121085411229341,9.4806952193794878,10.393880242287757,10.687907041163358,11.364699416378576,13.458589566006404,14.46734928509723,14.863631181867735,15.334970806678912,15.801656970038863
JSC1426,5,19.5909,31.922029049136487,39.084010396672554,36.235959466353847,18.407162910769991,12.062233985576887,10.865260945622282,11.624808728918369,11.745802698719803,10.67359165246156,7.3909411389829476,5.7837952427059891,6.3229796395298417,5.6374952902520841,6.0907805953590364,7.6636099019242661,8.2671411980275007,9.3046752669234927,9.596126157942809,9.8383945821927252,11.176973986274053
JSC1426,5,19.5909,32.465075300776306,40.431870521837268,37.745957563129835,20.254365766410302,13.81174959763578,13.067720102334777,13.755794724975676,13.914928733494397,12.827745957932162,9.2170099408975226,7.3606031073333238,7.6072450186659131,6.8685901328482615,7.1350110879850757,8.5122339908175171,8.9816285540695517,10.238918849351586,10.367858645793659,10.439245299616733,11.420057698574608
JSC1426,5,19.5909,32.452551368517732,40.377578570932258,37.697553640319867,19.94746712989398,13.349732089702712,12.5261774726133,13.274384232870547,13.423848094359697,12.403219212154974,8.8335291830599338,7.0238735082879327,7.2719857607707459,6.5455433137743269,6.845176555419533,8.2961128769209367,8.7719404971349739,9.9735698295340356,10.096497445876572,10.217868453233795,11.269877202193427
JSC1426,5,19.5909,32.533490436415363,40.72177618154771,38.115904545912684,20.7140717251369,14.322723124888814,13.717229083770725,14.472859294561907,14.623338077839326,13.431869259769089,9.7419973643056661,7.8277858945880059,7.9441310934855549,7.1685892252448076,7.3735999095362716,8.6681784857643258,9.0500309433250798,10.197913594741415,10.241839018314534,10.267376377254921,11.156126019390605
JSC1426,5,19.5909,32.460151296686327,40.42330704577008,37.849968216517219,20.242120677901923,13.694633922289269,13.071350070782357,14.021657324831926,14.204091520570904,13.161758546694708,9.4346889650146686,7.473190347984155,7.5545153132084089,6.7467527925994819,6.9754397294651014,8.3415299034700716,8.7270731504151229,10.006209131386676,10.135824005332793,10.206139727940927,11.099507473167703
JSC1450,1,2.04491,10.965564348056102,10.927461803213857,1.7886226362453446,3.2557427269779442,1.1618836775466672,0.22111250489689738,1.9267333711144818,2.8699052626862436,3.2819343785105382,4.1299018706061918,4.4582360772056528,4.9396477089986011,6.39461568866765,5.9142086381845322,4.4059836659747802,2.7670711645701687,1.5208183165365678,0.80848106353886351,-0.35410145752286049,-2.0935599983917914
JSC1450,1,2.04491,10.872851261208698,10.827657252559977,1.6974002511505848,3.2458132619107243,1.2733161313843162,0.38198545957681418,2.0484780769328417,2.9108418254711808,3.2456224580222681,3.9293412608299825,4.1562541661837091,4.5443368262880561,5.9030882051202935,5.4491289758524832,4.0959945988595905,2.6065953409750051,1.5958511180988211,0.95895286917089706,-0.21779421315698677,-1.8899729604886097
JSC1450,1,2.04491,10.591779480843023,10.524778590550911,1.3791715054280882,3.20654214956601,1.4213423373482286,0.61429855846699866,2.0542103714916973,2.8424779446983806,3.142491085537598,3.8058127078468438,4.1179630213318532,4.5684159519894649,5.8164394571834741,5.2631519918949383,3.9175016795223527,2.2702370255495179,1.0394335244294446,0.2646503412031862,-0.82285996739968859,-2.5031618803200839
JSC1450,1,2.04491,10.170879661993355,9.9877636683962372,0.48839977286967162,2.1572430757173038,1.1645765172216844,0.69793980323122717,2.0108642804431778,2.6079869514397256,2.7774403903278237,3.2581204776518575,3.335701873284652,3.7376860113420776,4.840735503090503,4.2469361204098508,2.9590839640696789,1.3172034073752901,0.2869686901421229,-0.56231507508694101,-1.7508500843075936,-3.6674025026605896
JSC1450,1,2.04491,10.624235142123435,10.516683423591209,1.38661088044684,3.0614500522331536,1.2819484186025019,0.48132112983731368,2.0090853504792339,2.7968411121764269,3.1379463947792559,3.8397651610913499,4.2120335053935385,4.8320575207486183,6.1970319091363892,5.7388103953499146,4.4483502355931908,2.8674751154806177,1.6709501738004704,1.0435173382532685,-0.0054091707340475637,-1.7710400990498218
MIX2D,1,24.28,11.517524083382041,15.779893058199509,20.794515115698928,24.934893171512137,24.220771194286094,24.015036323010797,23.238884406338133,21.839518041656788,22.453482403485594,21.887959114505982,22.193995296027381,22.431695028213987,21.864039797617629,22.025732567365804,21.955487595508949,21.712238821819266,22.353073917508056,22.226421002242333,21.531917004338446,21.213755416752367
MIX2D,1,24.28,9.4645181406732224,12.808558912664216,18.308230308355046,19.764173278022461,18.709270533751777,17.985469103339007,17.436513829792936,16.364721358763259,17.07378179394432,16.480559469292679,17.272185743584792,18.049643946096353,17.403014003406405,17.91719295781952,18.673746013987575,19.153567947990897,20.280743782822853,20.775996667947773,20.374862582208728,20.14929650446394
MIX2D,1,24.28,12.764097093580254,17.300168834350927,22.568912265850898,27.454992960324383,26.241951405249445,25.90575401807817,25.268285227150322,23.8464197869991,24.504588338534901,23.86293785614285,24.212365336879291,24.444962040668742,24.307108485509552,24.415958810981216,24.290512112593696,23.975570326113903,24.313644444283618,23.830455766315275,23.004505276264574,22.621327725277759
MIX2D,1,24.28,14.272161591527828,19.129522820995476,24.587152239980526,28.502147117612434,26.685787727815573,25.311573998824038,25.566994033317386,23.76732323564665,24.582223131376864,24.117780487703982,24.42249508754195,24.418825392851122,24.058577164705259,23.978386624296114,23.888579670732398,24.029130063933536,24.397540788049191,23.754920784477655,23.139167208241432,22.78177291873661
MIX2D,1,24.28,13.793851633111878,18.508379066782908,23.799168958129954,28.499648650438921,26.682681980061851,26.024285104192629,25.710116827767376,24.106384999523375,25.054443248869148,24.412114797416901,24.788119088717167,25.115661079600102,24.963437556795064,25.138611077086885,24.951799008429035,24.72651703748793,24.97391462071095,24.356190642435806,23.454671637858247,22.81562315135735
MIX2O,7,0.11,6.0573048399312075,7.6426571677480375,-1.8317359455768596,1.2057229173946453,1.2177675266035539,0.48708350146548085,2.1506924432463705,2.6023078115934073,2.2003807813466327,2.2608250743770935,3.0169016387189505,3.0195153878231835,3.4033233574328214,3.391238681812597,3.5858242846952866,2.258407062735829,0.32536281752202356,-0.62544570478082484,-0.71766550151989073,-0.36336859670085531
MIX2O,7,0.11,6.0222289888739011,7.7486377911675897,-0.90753612300209063,2.2746660160336827,2.0617920699434098,0.78995124729766886,2.4252028765499407,3.1030154982592819,2.916909799768419,3.1242228503651024,4.0254228352321686,3.8030679119540665,3.8693545125006068,3.7454563834151617,3.9326310759052436,2.5458100577510745,0.36135913740377923,-0.52361666204074098,-0.66594389497635476,-0.54997884637751682
MIX2O,7,0.11,7.044542029165811,8.3964654659063989,-1.9589345797308351,0.74532199291378021,2.0416234712631667,0.92399218197248167,1.9214888403583412,2.3766668513310325,1.4710264870324838,1.623627339196684,2.0486975664732672,2.0420001585667187,2.798379016409859,3.5146721019260614,3.9075879745786928,2.9953481431701459,1.6484796092056833,0.95104769553809732,0.86806262926591948,0.878332453282896
MIX2O,7,0.11,7.4050166890732223,9.1390509714091692,0.096818334876450862,2.9380920757728255,3.5680803684325682,1.0620358214553445,2.1170627593707003,2.850132459444529,1.8801145491160369,1.9670963884585984,2.5027233856593281,2.1503894211536529,2.4850021993530547,3.1199463837403023,3.5646423155228799,2.5378499494848796,1.3643034331345643,0.55283916646237508,0.70980687793691111,0.58299100397935
MIX2O,7,0.11,6.6925475364001601,8.3965058644411297,-0.82880551537762592,2.1219480052746569,2.6160000241247356,1.0788955927979007,2.2503731003555849,2.8824035906508936,2.2715854406766383,2.3956669406136033,3.0305509590684299,2.8036138958302672,3.1631698925198641,3.5343512196090163,3.8484610987876096,2.7339874490366967,1.3279700095789284,0.5985940927898401,0.57760679641822499,0.42955367336225336
MIX3D,5,24.05,10.37735669456522,15.278789571047172,18.359881223538153,21.686883311999132,22.806114748380974,21.593993708170981,20.26705570666374,18.873711807391672,19.466881348827371,20.338058239816863,20.212908151585005,20.295364926397635,20.190767917971627,20.838034587053883,20.785460131195638,20.595461745952313,20.679444188902814,20.743005032306975,21.039380159567809,20.950073331773584
MIX3D,5,24.05,15.668238985307809,21.922481906682265,24.202019724697795,33.274633435430502,34.861051690431751,33.219030130614598,31.436272053749811,29.688801960441324,29.771126575577632,30.679357548293627,30.637422464412033,31.011721630095586,31.268006446007647,31.817393422845537,31.480809121377654,30.687257185228098,28.495122092323555,27.960821755712761,27.814797519378534,27.491226892039847
MIX3D,5,24.05,8.4946039829659679,12.907389473752888,16.166120916034131,20.402293685472724,20.676358390853842,20.392737596951925,18.738118799836336,17.305322775763106,18.200482376757158,18.607878731520231,18.520211218352657,18.380119834970952,18.139631779591806,18.687416191979018,18.648392845148507,18.431990053815468,18.83511384565157,18.767321974309468,18.98438877192336,18.880172891379814
MIX3D,5,24.05,15.287440391805571,21.369778680634411,23.949956628541258,30.361762908142417,32.551061625436049,30.600682432014253,29.241735136618956,27.618361500696288,27.992966295732206,29.004416030234339,29.344104114434131,29.748118022688338,29.996227234322919,30.666702172540841,30.359808005888397,29.847966509685762,28.072968816245687,27.653694855288215,27.595102258311616,27.290537747100288
MIX3D,5,24.05,11.704017850035115,17.041155856246771,19.702130022281381,25.239420909242327,27.099175677223606,26.299029215926062,24.744743236611598,23.200386739040852,23.553965827283907,23.694486528683861,23.317825611943192,23.106800975924173,23.011386067258968,23.584816831548206,23.398781095200359,22.953018261591442,22.68439603696887,22.467197465428551,22.763883319003341,22.631360999499485
MIX3O,3,0.19,3.78293158678993,5.1362099699020209,9.7441744369125622,2.0986690020803973,-0.32287966177552008,-1.8761288808800956,-2.2984653301403775,-2.2532085297215332,-1.0445688844770942,-0.38049837446902401,-0.90875643767526171,1.2094424005900226,2.3521600258598045,2.2740025519792315,1.664781634188504,1.7051761985740779,1.2243573379909094,2.4936574359331392,4.7101200756349861,5.2939518865070916
MIX3O,3,0.19,3.6951119998068549,4.9835830787134281,9.2876221697482357,1.4751275391141512,-0.9185025579778916,-2.2712702670691343,-2.7810449315050363,-2.8473773107930853,-1.467089067308283,-0.87428591316412607,-1.3138243042029494,0.96146854514840818,2.0712619935343675,1.8975973232811576,1.1670540204762609,1.0755879979602394,0.54352855584582116,1.8413244976944636,3.9991403314193246,4.5018237239830672
MIX3O,3,0.19,3.8874169111068451,5.1450835794206391,9.4579651947260217,1.7225163668346841,-0.48679936667474522,-1.9708650583951695,-2.3759497937630059,-2.2183013734429551,-1.0519222529571763,-0.52224663965373708,-1.0495517991574488,1.0629412728226821,2.0420125308531141,1.9465173051022227,1.3274061226713023,1.4334177076546109,1.0231958809771609,2.2234318042659797,4.2764485445206439,4.8684998893247329
MIX3O,3,0.19,3.8679601295322072,5.1437916061514688,9.4856745754554943,1.7513749988432252,-0.10309145894493454,-1.1533077324910046,-1.4120236145893799,-1.2366317261832691,-0.22847153477871984,0.34146018718098325,-0.41748336229661831,1.0828532444463441,1.8328955492274641,1.6696917956616115,1.180293792872499,1.4427272899679711,0.96788683007515175,1.9905710847444098,3.7315395490029513,4.1496075373643819
MIX3O,3,0.19,4.4651083480442395,5.9802227191118842,11.138366985551468,4.0169038583787362,1.9117382388796251,-0.25527718524822163,-0.80482874544345506,-0.58833517666370128,-0.025937936591677868,0.8304557130450867,-0.023328838042635525,1.5587271648063705,2.5140473382852679,2.6714521962929325,2.4901570026232314,2.7591768578362412,2.3530842652105797,3.3787159335845196,5.4342847586422174,6.0245484686689146
MIX5D,5,22.51,13.404466639921084,17.199343295637366,17.532157337404175,9.1308727209467584,15.64754645247724,12.754136170648961,13.754987053761697,14.435670380316234,14.714242804544657,17.435703859603038,16.860115223249249,18.167857495097103,18.657128383728004,19.266905046291207,19.569207796078054,20.006452986262421,19.670402381502782,19.846459151232811,19.830844759622835,18.518464916267206
MIX5D,5,22.51,13.38754637944743,17.195923165288612,17.476656240247241,8.6547589215532739,15.464257637935015,12.4774749961491,13.4017040231676,14.003287928859629,14.169076645271039,16.647282934499145,16.07569254314377,17.262801123689901,17.634429017572433,18.100129266886285,18.279788346112547,18.611443665911661,18.270849498816911,18.415774483554163,18.3310102710827,17.081098717944062
MIX5D,5,22.51,13.815422434575723,18.27725828526204,19.030934868357019,12.908026957708296,19.032700181592176,16.075641788939947,17.227533198363737,17.718882390645629,18.112774855925508,19.938542080967629,19.638594953188299,20.532138317131935,20.901801824270578,21.34203901771463,21.531570616846533,21.936631685820437,21.846880309426879,21.761608318386919,21.444047306454618,20.311020008330431
MIX5D,5,22.51,13.404156642798856,17.405559111280546,17.935138077688492,10.315407496249941,16.463035158990678,13.620174156714207,14.648163595253475,15.162732916872484,15.246293239040595,17.746706441933547,17.286409096199225,18.555704114692627,19.018325598326758,19.594321280441278,19.866287840498323,20.275128779558639,19.981297130558179,20.144495965450723,20.150680879053709,19.03986729453338
MIX5D,5,22.51,14.427998297921448,18.619765239340484,18.855655455743072,11.069256835232336,17.453100232967277,14.164135868271423,15.377553711679177,15.947685067112319,16.046062344798806,18.479086226690718,17.999760186566029,19.115666375665633,19.531627035124203,20.01087049374221,20.258705891223677,20.664901914388324,20.307957221993433,20.363793183258316,20.19884155304203,19.089515725217087
MIX6D,6,24.67,30.00657558238084,37.354533106614859,27.738966467547275,26.916914496601454,26.5162059166585,28.941269961405233,31.406504155641166,30.75785094901536,30.855553540045474,32.407027401631012,33.663637367138534,34.042226390801105,32.909825586071634,32.14820777296935,31.336815250619154,30.369292573275548,30.660770674422992,30.441665573215758,30.344000347900732,29.71426152317737
MIX6D,6,24.67,29.587872675316902,36.851229068338398,28.247075515299571,27.475662915474615,27.414617667034307,29.705687359515565,31.470845989834391,30.782445627419797,30.430812216847002,31.425852678900963,32.154525221732484,32.582433774783468,31.638533119821318,31.306998643896293,30.333277808804496,29.025060035640781,29.026859083418081,28.649572335934227,28.525144582028314,27.832624536324829
MIX6D,6,24.67,28.311788002816179,34.932326996475922,27.701148190991859,27.04526634579139,27.719427076335748,30.329109209793593,32.214888805523785,31.02840477056084,30.609163848811548,31.517361702774078,32.423432499471474,32.832695229709486,31.788094962535396,31.633361320748531,30.434167986964276,28.919233014784176,28.476315791490734,27.900195930471199,27.675058796267869,26.764021443792849
MIX6D,6,24.67,29.903675658722626,36.75841074617734,26.865471317649956,26.050539653048787,26.753870687096367,28.09632236669276,30.388220095820266,29.793101748514562,29.979799006748557,31.473679680842235,33.681765904049797,34.174227028830956,33.169812168270958,32.75818945338446,32.135239418921131,30.675902024001655,30.806147055275119,30.441650703556888,30.310383674789176,29.578042828118967
MIX6D,6,24.67,29.33941075013805,35.706934158575514,26.249809343728884,25.507356149894147,26.239436934900318,27.348251454234678,29.443924051221924,28.490106926740545,28.367474288732108,29.923506253612317,32.64490791550304,33.224643640214069,32.572342704696325,32.472569187303961,31.834815050972086,30.199963647839972,30.229800559711983,29.972166663872301,29.991443920279728,29.304935322529289
54949M,5,23.98,12.862838874393313,15.425339627759207,13.452422853669171,21.090594592471916,21.216895464131159,22.855944945151549,20.488680537737412,19.477134731445279,19.449791493377006,20.314921600374504,19.087308918011725,18.538951146108918,18.07758444879688,17.905182961332429,18.138008131532498,17.727782241306276,16.699216266549779,16.324623470673504,16.275553321077812,15.747183744951496
54949M,5,23.98,12.316609267856064,14.157174145053689,11.454889554660003,16.146619954807711,16.889952930980897,18.572939730825517,17.72214801648655,17.29640841447106,18.170649438663379,19.33868261700626,18.493448559135885,17.97883678935213,17.276447661202667,17.039411251378795,17.069466856160201,16.505623918525036,15.698796681365815,15.437722438970251,15.425906178517364,14.813112399649892
54949M,5,23.98,12.966145395769928,15.67908164340221,14.026924862335601,22.517116474896284,22.147736027410765,23.195808432358845,20.315359328229757,19.209588768996909,19.216884493888159,20.554581000819717,19.105028169657373,18.632173417354164,18.084840797337613,17.892139822610876,17.915860454907417,17.363631614158294,15.591131927909787,15.201109231489239,15.127328484098111,14.789263217693856
54949M,5,23.98,12.810323882115574,15.0245743111062,12.274158255231988,19.002893770232461,19.127028476509313,20.772722975903509,18.842044554073645,18.0878599606366,18.318989286899715,19.129637138434234,18.1895018475429,17.713419234731596,17.306932476143331,17.07109889567942,17.273297038083818,16.659648375121726,15.935518263181454,15.844817606791882,15.88711405738221,15.519000136672801
54949M,5,23.98,12.61146255321853,14.862478331520379,12.288691987198655,19.367034886813236,19.58486070894223,21.344018519887655,19.471952764005671,18.799132105079892,19.391735462456143,20.18735630589083,19.39435492894404,18.928977330225393,18.509016329551425,18.38140504466778,18.502578793417189,17.841172991532822,16.857589545579188,16.652994101949812,16.640072002890438,16.230999728034732
54951M,7,35.46,26.818860074715872,34.748423326051942,36.735283236782195,34.048111988312243,35.146820727065858,40.909025164952091,41.550871079505157,40.631725952041108,37.171806685815227,37.026574091474835,34.26469237427964,33.350646719444143,34.782893031089316,34.6244303515479,33.174536201621933,33.625531441930562,34.155584919407332,34.256404116909422,33.714217971508717,33.304237421840256
54951M,7,35.46,26.907901728170096,34.234705353727463,36.989640178895328,34.285926139599162,35.571169263491512,40.073005256152435,39.789200860388881,38.35240020868585,34.213955066937018,34.001373038296464,31.487228087131964,31.174499116559954,32.971009984771989,33.546036474695157,32.368096556073603,33.005923786672,33.885211127428704,33.771757589121705,32.806823810705311,32.395903742293541
54951M,7,35.46,26.917063682677622,35.097813961431868,36.749505386975031,33.960302190241464,34.90078958012991,41.448002294633632,42.410983891708028,41.571701323821927,38.40846719685242,38.20419314221148,35.335149300520555,33.989570093940152,35.32546901414031,34.708719363979718,33.122646088697977,33.396272784373906,33.760158881826207,33.92896550044857,33.49141348467807,33.10023207199616
54951M,7,35.46,26.452742437551063,34.553071817818534,36.617790811964412,34.071638560469424,35.022822334195027,41.011848456505078,42.00836092809827,41.274196422503536,38.240590389054098,38.229040430163927,35.737802826273381,34.907996940969454,36.431910290743161,36.21580984545821,34.968570831080228,35.398526009482964,35.932912317479122,36.262794583251939,35.904265942433653,35.577730023842705
54951M,7,35.46,26.815944878196873,34.473340106265567,36.286268686065355,33.648410903214184,34.982556950176004,39.373376414526732,39.621087283465975,38.784050373984797,35.20873633365359,35.13057483955977,32.619733990547303,32.541155522798064,34.404129678173177,35.192937462539355,34.032072120747756,34.691930988146709,35.303570004623481,35.224645012268503,34.678438516226556,34.504799048862004
